{
    "name": "Sankey 2",
    "id": "customvis.catalog.sankey2",
    "type": "renderer",
    "version": "1.1",
    "description": "Sankey is a specific type of flow diagram, in which the width of the arrows is shown proportionally to the flow quantity. It is typically used to visualize energy transfers between processes. It is named after the Irishman Captain Matthew H.P.R. Sankey, who used it in a publication on energy efficiency of a steam engine in 1898.",
    "cliVersion": "1.3.141",
    "apiVersion": "1",
    "libVersion": "1.2.123",
    "icon": "icon.svg"
}
